degree,count
M. Ed.,157
M.A,491
M.A.,4717
M.Arch,177
M.B.A,407
M.B.A.,1414
M.D.,478
M.Div.,159
M.E.,110
M.Ed,480
M.Ed.,1022
M.F.A.,136
M.P.A.,137
M.S,1272
M.S.,7650
M.Sc,253
M.Sc.,606
M.Tech,113
MA,10542
MAcc,266
MArch,252
MAS,111
MAT,246
MBA,47089
MCA,269
MCP,162
MCSE,133
MD,1616
MDiv,157
ME,215
MEd,367
MEM,122
MEng,156
MFA,1717
MHA,671
MHSA,107
MIS,237
MLA,206
MLIS,260
MLS,219
MM,247
MPA,1770
MPH,1315
MPP,313
MPS,181
MS,20039
MSA,518
MSc,1333
Msc,112
MSCE,242
MSE,439
MSEd,115
MSEE,731
MSIS,109
MSM,226
MSME,280
MSN,1198
MSPH,103
MST,221
MSW,1300
M.S.E.,94
M.Eng,93
M.S.Ed.,92
M.M.,91
MSBA,90
MSc.,89
MSJ,86
M.Eng.,85
M. Arch,84
MPhil,82
MBBS,81
M. S.,80
M.A.T.,80
MACC,80
MUP,79
MHS,76
M.P.H.,75
MSCS,75
MCRP,74
M.S.W.,73
MSSW,73
M. Ed,71
MSC,68
MSIE,67
M.Div,65
Maths,65
M Arch,62
M.S. Ed.,62
MSF,62
M. A.,61
M. Sc.,60
MPM,60
M.S.Ed,59
MIM,59
MSEM,58
M.Phil,57
MHRM,57
mba,56
MTS,56
MMS,52
M. Div.,51
MURP,51
MS Ed,49
